<?xml version="1.0" encoding="UTF-8" standalone="yes"?>
<addon id="repository.pcshop" name="yandr" version="0.0.1" provider-name="mountainman">
	<extension point="xbmc.addon.repository" name="yandr">
		<dir>
			<info compressed="false">https://raw.githubusercontent.com/noobsandnerds/modules4all/master/zips/addons.xml</info>
			<checksum>https://raw.githubusercontent.com/noobsandnerds/modules4all/master/zips/addons.xml.md5</checksum>
			<datadir zip="true">https://raw.githubusercontent.com/noobsandnerds/modules4all/master/zips/</datadir>
		</dir>
		<info compressed="false">https://raw.githubusercontent.com/pcshopsud/repository.pcshop/master/zips/addons.xml</info>
		<checksum>https://raw.githubusercontent.com/pcshopsud/repository.pcshop/master/zips/addons.xml.md5</checksum>
		<datadir zip="true">https://raw.githubusercontent.com/pcshopsud/repository.pcshop/master/zips/</datadir>
	</extension>
	<extension point="xbmc.addon.metadata">
		<summary lang="en">young and the restless</summary>
		<description lang="en">young and the restless repo</description>
		<genre></genre>
	</extension>
</addon>